dateRep,day,month,year,country,count_info,cumulative_value,avg_value_quality
2020-11-01,1,11,2020,US,1,0.00702121835289348,0.00702121835289348
2020-12-01,1,12,2020,PL,1,0.162,0.162
2020-12-31,31,12,2020,PL,26,2764.4506599999995,106.3250253846154
2020-06-11,11,6,2020,US,2173,5907.6130000000012,2.7186438104003696
2021-08-16,16,8,2021,US,1,0.4,0.4
2021-01-01,1,1,2021,US,3,0.88000000000000012,0.29333333333333339
2021-12-02,2,12,2021,US,39,49.980000000000004,1.2815384615384615
2021-12-29,29,12,2021,US,5,0,0
2020-12-31,31,12,2020,CN,1002,161609,161.28642714570861
2021-08-09,9,8,2021,CN,10251,1455264,141.96312554872682
2021-01-22,22,1,2021,HU,19,13662.427125000002,719.07511184210523
2020-06-10,10,6,2020,HR,37,1037.7,28.045945945945952
2021-07-20,20,7,2021,CN,10,1973,197.3
2020-06-11,11,6,2020,HU,112,7931.1444842,70.8137900375
2020-06-11,11,6,2020,DK,25,1359.8000000000002,54.392
2020-06-11,11,6,2020,CH,96,3026.6725000000006,31.527838541666664
2020-06-11,11,6,2020,BE,273,6040.159999999998,22.125128205128203
2021-05-17,17,5,2021,TW,459,2807.5724999999998,6.1167156862745093
2020-09-01,1,9,2020,CN,12,1568,130.66666666666669
2020-04-23,23,4,2020,PE,1,1736.5,1736.5
2020-06-10,10,6,2020,LU,25,1079.1,43.164000000000009
2020-06-11,11,6,2020,TW,459,2766.5,6.0272331154684107
2021-08-08,8,8,2021,CN,148,18278,123.50000000000003
2020-06-10,10,6,2020,LT,65,1003.91388999,15.444829076769233
2021-04-28,28,4,2021,EC,21,360.53819130367,17.168485300174762
2020-06-11,11,6,2020,CO,52,-129367.11060390002,-2487.829050075
2020-06-23,23,6,2020,CN,4,478,119.5
2020-06-11,11,6,2020,AD,6,285,47.5
2020-10-20,20,10,2020,XK,48,3142.2610000000004,65.463770833333342
2020-06-05,5,6,2020,PE,1,677.03,677.03
2020-06-11,11,6,2020,GR,61,1631,26.737704918032783
2020-01-13,13,1,2020,CN,12,3457,288.08333333333337
2020-11-17,17,11,2020,CN,6,1061,176.83333333333334
2020-01-15,15,1,2020,CN,6,3490,581.66666666666663
2021-04-19,19,4,2021,CN,6,636,106
2020-06-11,11,6,2020,EE,45,1656.0089866800001,36.800199704000008
2021-06-03,3,6,2021,CN,6,617,102.83333333333333
2020-06-07,7,6,2020,PE,1,57.5,57.5
2020-06-10,10,6,2020,CY,12,1032.0930015000001,86.007750125
2021-02-04,4,2,2021,PE,1,3107.3,3107.3
2020-06-10,10,6,2020,BE,7,183.76,26.251428571428569
2020-06-10,10,6,2020,HU,2,-1.6986220000000003,-0.84931100000000015
2020-10-15,15,10,2020,CN,6,474,79
2020-01-09,9,1,2020,CN,6,1159,193.16666666666666
2020-12-08,8,12,2020,BE,3,45.21,15.07
2020-06-11,11,6,2020,PE,28,2223.9900000000002,79.42821428571429
2020-01-07,7,1,2020,CN,13,3882,298.61538461538464
2020-12-15,15,12,2020,CN,6,838,139.66666666666669
2021-07-04,4,7,2021,CN,6,516,85.999999999999957
2020-06-10,10,6,2020,AT,491,13867.830945180001,28.244054878167002
2020-12-30,30,12,2020,AT,3,542.60553276,180.86851092
2020-02-28,28,2,2020,AU,4,3,0.75
2020-06-11,11,6,2020,AU,310,-30441.874549999993,-98.19959532258062
2020-01-11,11,1,2020,AU,4,7.4600000000000009,1.8650000000000002
2020-06-11,11,6,2020,BG,85,2953.87,34.751411764705885
2020-06-10,10,6,2020,BG,9,337.54999999999995,37.505555555555553
2020-06-11,11,6,2020,CA,258,516.49399999999991,2.0019147286821704
2020-06-10,10,6,2020,CA,54,93.371,1.7290925925925924
2021-08-20,20,8,2021,CL,131,38388.460000000006,293.041679389313
2020-06-11,11,6,2020,CZ,200,8031.5382099999988,40.15769105
2020-06-10,10,6,2020,CZ,95,2301.0500199999997,24.221579157894734
2020-06-11,11,6,2020,DE,1154,33225.838100199995,28.791887435181966
2020-05-14,14,5,2020,DE,135,5814.8229999999994,43.072762962962969
2020-06-10,10,6,2020,DE,28,994.46,35.51642857142857
2020-08-04,4,8,2020,DE,1,170,170
2020-05-16,16,5,2020,ES,27,1073,39.740740740740726
2020-06-05,5,6,2020,ES,444,24119,54.322072072072096
2020-02-04,4,2,2020,ES,9,205,22.777777777777779
2020-03-03,3,3,2020,ES,5,106,21.2
2020-06-06,6,6,2020,ES,86,4970.6500000000005,57.798255813953496
2020-06-10,10,6,2020,ES,616,25697.740000000005,41.71711038961039
2020-06-04,4,6,2020,ES,154,7297.9999999999991,47.389610389610382
2020-05-23,23,5,2020,ES,145,4805,33.137931034482762
2020-03-30,30,3,2020,ES,11,1928,175.27272727272728
2020-03-24,24,3,2020,ES,2,1280,640
2020-01-13,13,1,2020,ES,2,780,390
2020-06-03,3,6,2020,ES,112,41429.16,369.90321428571417
2020-06-11,11,6,2020,ES,36,1070,29.722222222222218
2020-12-30,30,12,2020,ES,1,200,200
2020-02-25,25,2,2020,ES,3,105,35
2020-02-12,12,2,2020,ES,2,200,100
2020-09-12,12,9,2020,ES,5,399,79.800000000000011
2020-06-11,11,6,2020,FR,441,9307.1999999999989,21.104761904761915
2020-06-10,10,6,2020,FR,736,17157.499999999993,23.31182065217391
2020-11-06,6,11,2020,FR,1,392,392
2021-01-04,4,1,2021,FR,5,744.6,148.92000000000002
2020-06-11,11,6,2020,HK,88,4011.1000000000004,45.580681818181816
2020-06-11,11,6,2020,IN,665,116868.19999999998,175.74165413533834
2020-06-10,10,6,2020,IN,523,69596.360000000015,133.07143403441688
2020-05-29,29,5,2020,IN,4,593.85,148.4625
2020-01-27,27,1,2020,IN,5,0,0
2020-01-01,1,1,2020,IN,11,2731.4100000000003,248.31000000000003
2020-04-09,9,4,2020,IN,12,3568.97,297.41416666666663
2020-11-19,19,11,2020,IN,3,570.29,190.09666666666666
2020-01-02,2,1,2020,IN,12,4400.0300000000007,366.66916666666668
2021-11-17,17,11,2021,IN,6,667.11,111.18500000000002
2020-06-08,8,6,2020,IN,12,2233.02,186.08499999999998
2020-01-11,11,1,2020,IN,6,1399.1,233.18333333333334
2021-11-18,18,11,2021,IN,1,800,800
2020-06-10,10,6,2020,IT,899,59063.937698199981,65.699596994660752
2020-05-20,20,5,2020,IT,3,626.604,208.86800000000002
2020-05-05,5,5,2020,IT,277,7214,26.043321299638997
2020-04-04,4,4,2020,IT,146,9213,63.102739726027409
2020-06-04,4,6,2020,IT,9,507.1310545,56.347894944444448
2020-05-28,28,5,2020,IT,6,5389.984,898.33066666666673
2020-06-01,1,6,2020,IT,4,488.222,122.05550000000001
2020-05-27,27,5,2020,IT,3,1222.8558634,407.61862113333336
2021-04-22,22,4,2021,IT,1,400,400
2020-03-31,31,3,2020,IT,32,375.19999999999993,11.725000000000001
2020-06-11,11,6,2020,MK,59,2645.93389218,44.846337155593226
2020-06-10,10,6,2020,MK,4,880.2865347,220.07163367500002
2020-06-02,2,6,2020,MK,1,11.59805,11.59805
2020-10-16,16,10,2020,MX,2,0.89557,0.447785
2021-09-23,23,9,2021,MX,510,4716.8130080707033,9.24865295700138
2020-08-29,29,8,2020,MX,2,0.9,0.45
2021-10-31,31,10,2021,MX,103,835.56699999999989,8.1123009708737879
2021-04-11,11,4,2021,MX,2,2.1910000000000003,1.0955000000000001
2021-10-19,19,10,2021,MX,5,46.793000000000006,9.3586
2021-09-18,18,9,2021,MX,2,1292.74829866667,646.374149333335
2021-09-14,14,9,2021,MX,7,40.607664727,5.801094961
2021-09-22,22,9,2021,MX,19,149.31943013551762,7.858917375553558
2021-04-16,16,4,2021,MX,42,1468.6661848253348,34.9682424958413
2021-03-10,10,3,2021,MX,6,52.0726638,8.6787773
2021-09-08,8,9,2021,MX,4,47.431900000000006,11.857974999999996
2020-06-11,11,6,2020,MX,170,1347.647,7.9273352941176469
2020-06-11,11,6,2020,NL,255,-14374.003120000003,-56.368639686274513
2021-04-20,20,4,2021,NL,19,-17915.7,-942.93157894736839
2020-03-02,2,3,2020,NL,4,-3980,-995
2020-07-09,9,7,2020,PL,4,244.13591000000002,61.033977500000006
2020-02-14,14,2,2020,PL,5,816.29269,163.258538
2020-06-10,10,6,2020,PT,103,3687.7000000000003,35.802912621359219
2020-06-11,11,6,2020,PT,71,3143.9,44.280281690140839
2021-06-12,12,6,2021,PT,2,1442,721
2020-06-11,11,6,2020,RS,22,1314.00041,59.727291363636368
2020-06-11,11,6,2020,SK,131,7795.5532299999986,59.508039923664107
2020-09-23,23,9,2020,TH,117,1153.9879999999998,9.8631452991452981
2020-06-11,11,6,2020,TH,168,1240.507,7.3839702380952374
2020-05-25,25,5,2020,TH,2,289.92,144.96
2020-09-22,22,9,2020,TH,5,31.206000000000003,6.2412
2020-03-22,22,3,2020,TH,2,0.72,0.36
2020-04-02,2,4,2020,TH,7,22.701,3.2429999999999994
2021-12-20,20,12,2021,TH,1,1,1
2021-06-02,2,6,2021,TH,1,0.38,0.38
2020-09-14,14,9,2020,TH,1,0.47,0.47
2020-06-10,10,6,2020,US,625,3219.902,5.1518432
2021-03-03,3,3,2021,US,2,0.5,0.25
2021-09-16,16,9,2021,US,4,0.189,0.04725
2020-05-28,28,5,2020,US,2,20.9,10.45
2020-01-02,2,1,2020,US,8,1.7840000000000003,0.22300000000000003
2020-04-17,17,4,2020,US,10,34.299,3.4299
2020-03-26,26,3,2020,US,8,35.248,4.4060000000000006
2021-05-20,20,5,2021,US,4,2.267,0.56675000000000009
2020-01-13,13,1,2020,US,16,113.256,7.0785
2020-06-08,8,6,2020,US,89,453.91099999999994,5.1001235955056172
2021-10-01,1,10,2021,US,14,9.87,0.705
2021-09-15,15,9,2021,ZA,12,63.52336900000001,5.2936140833333338
2021-09-01,1,9,2021,ZA,2,0.174,0.087
2021-07-20,20,7,2021,ZA,1,0,0
2021-09-08,8,9,2021,ZA,1,0.991,0.991
2020-06-10,10,6,2020,XK,48,5076.177,105.7536875
2021-09-23,23,9,2021,EE,47,2161.81734,45.99611361702128
2020-06-11,11,6,2020,CW,2,6.019,3.0095
2020-03-01,1,3,2020,CN,12,1958,163.16666666666669
2021-09-09,9,9,2021,NP,1,-0.999,-0.999
2020-12-16,16,12,2020,CN,1,53,53
2020-06-09,9,6,2020,AE,2,0.01,0.005
2020-06-11,11,6,2020,IE,28,428.43476207999993,15.301241502857144
2021-02-10,10,2,2021,CN,6,1384,230.66666666666666
2020-06-11,11,6,2020,BA,26,7390,284.23076923076917
2021-07-17,17,7,2021,CN,5,598,119.60000000000001
2021-03-09,9,3,2021,BM,2,0.024,0.012
2021-05-18,18,5,2021,CH,3,80.8682,26.956066666666668
2021-05-03,3,5,2021,CN,6,510,85
2020-06-11,11,6,2020,UZ,2,19.006,9.503
2020-06-11,11,6,2020,MT,14,515.35552000000007,36.811108571428569
2020-07-28,28,7,2020,CH,1,0.003,0.003
2021-06-28,28,6,2021,UZ,4,-3.996,-0.999
2021-01-01,1,1,2021,CN,9,1024,113.77777777777777
2021-09-30,30,9,2021,CO,11,-109989,-9999
2020-01-17,17,1,2020,HR,4,92.919999999999987,23.229999999999997
2021-10-06,6,10,2021,AD,1,81,81
2021-07-22,22,7,2021,CN,2,154,77
2021-05-18,18,5,2021,IE,8,674.74986463,84.34373307875002
2021-08-07,7,8,2021,AE,1,0.014,0.014
2021-09-22,22,9,2021,CW,1,-0.999,-0.999
2021-02-04,4,2,2021,CO,6,165.310483305,27.5517472175
2021-11-24,24,11,2021,EC,18,0,0
2020-01-10,10,1,2020,CN,6,2313,385.5
2021-04-05,5,4,2021,AU,25,165.70000000000002,6.628
2021-11-30,30,11,2021,AU,3,-3333,-1111
2021-12-09,9,12,2021,AU,58,403.14,6.9506896551724129
2020-07-17,17,7,2020,CA,1,0.013,0.013
2020-04-06,6,4,2020,CA,4,4.07,1.0175
2021-07-21,21,7,2021,CA,7,6.452,0.92171428571428593
2020-01-07,7,1,2020,DE,2,42.1,21.05
2021-02-22,22,2,2021,DE,1,104.98,104.98
2020-05-16,16,5,2020,DE,1,23.56,23.56
2021-12-29,29,12,2021,ES,3,76,25.333333333333332
2020-06-09,9,6,2020,ES,31,1116.1000000000001,36.003225806451617
2020-06-29,29,6,2020,ES,5,140.3,28.060000000000002
2021-08-24,24,8,2021,ES,5,95,19
2020-05-04,4,5,2020,ES,8,1352,169
2021-01-28,28,1,2021,ES,13,132,10.153846153846153
2020-06-02,2,6,2020,ES,7,648.42000000000007,92.631428571428572
2021-05-29,29,5,2021,ES,4,110,27.5
2020-06-01,1,6,2020,ES,5,204,40.8
2020-05-31,31,5,2020,ES,6,604,100.66666666666666
2020-06-08,8,6,2020,ES,18,658.5,36.583333333333329
2021-12-30,30,12,2021,ES,15,675,45.000000000000007
2020-06-11,11,6,2020,FI,87,1083.0618329,12.448986585057471
2021-12-28,28,12,2021,FR,3,72.800000000000011,24.266666666666669
2021-02-09,9,2,2021,FR,2,88.8,44.4
2020-01-22,22,1,2020,FR,10,167.79999999999998,16.78
2020-03-04,4,3,2020,FR,2,63.199999999999996,31.599999999999998
2020-12-17,17,12,2020,FR,1,3.7,3.7
2021-04-09,9,4,2021,FR,2,60.7,30.35
2020-02-25,25,2,2020,FR,4,90.600000000000009,22.650000000000002
2021-03-17,17,3,2021,FR,3,69,23
2021-03-29,29,3,2021,FR,1,90.4,90.4
2020-06-11,11,6,2020,GB,375,6676.0380000000005,17.802768
2020-06-10,10,6,2020,GB,9,173,19.222222222222221
2021-11-30,30,11,2021,GB,5,157.20000000000002,31.440000000000005
2020-04-27,27,4,2020,GB,1,47,47
2021-08-04,4,8,2021,GB,2,67,33.5
2021-09-20,20,9,2021,IN,6,2925.7000000000003,487.61666666666673
2020-02-09,9,2,2020,IN,6,405.98,67.663333333333327
2020-01-08,8,1,2020,IN,6,2799.33,466.555
2020-06-06,6,6,2020,IN,6,1107.99,184.66500000000002
2020-11-13,13,11,2020,IN,1,12.5,12.5
2021-07-22,22,7,2021,IN,2,985.01,492.505
2020-05-21,21,5,2020,IT,17,707.8,41.635294117647049
2020-01-19,19,1,2020,IT,5,-45,-9
2021-09-15,15,9,2021,MX,8,30.858034377600003,3.8572542972000008
2021-03-08,8,3,2021,MX,5,45615.0459845,9123.0091968999986
2021-09-16,16,9,2021,MX,13,509.17301999999995,39.167155384615384
2021-09-09,9,9,2021,MX,2,0.017967681666666669,0.0089838408333333345
2021-09-17,17,9,2021,MX,3,2.7857635666666667,0.92858785555555545
2021-01-12,12,1,2021,NL,1,-999,-999
2020-06-11,11,6,2020,NO,103,1276.326977,12.391524048543692
2020-06-09,9,6,2020,PT,8,146.2,18.275
2020-06-11,11,6,2020,RO,188,3698.7122094000006,19.674001113829782
2020-05-04,4,5,2020,RO,2,63.910011000000004,31.955005500000002
2020-04-24,24,4,2020,RO,2,106.904604,53.452302
2021-12-28,28,12,2021,RO,1,0.026,0.026
2020-06-11,11,6,2020,SE,64,1429.1569140000001,22.330576781249995
2020-05-12,12,5,2020,SE,2,78.100000000000009,39.050000000000004
2020-12-11,11,12,2020,SE,21,107.59871999999999,5.1237485714285693
2020-02-13,13,2,2020,TH,3,0.917,0.3056666666666667
2020-04-15,15,4,2020,TH,3,54.004,18.001333333333331
2021-12-05,5,12,2021,TH,1,0.087,0.087
2020-05-12,12,5,2020,TH,3,0,0
2020-04-09,9,4,2020,TH,1,0.005,0.005
2021-08-04,4,8,2021,TH,10,43.562,4.3561999999999994
2021-12-14,14,12,2021,US,79,133.28199999999998,1.6871139240506328
2020-05-05,5,5,2020,US,2,0.02,0.01
2020-04-18,18,4,2020,US,2,0.102,0.051
2021-07-25,25,7,2021,US,3,0.05,0.016666666666666666
2020-10-01,1,10,2020,US,3,0.053000000000000005,0.017666666666666671
2020-10-07,7,10,2020,US,3,0.061,0.020333333333333332
2021-11-10,10,11,2021,US,14,121.079,8.6485
2020-10-26,26,10,2020,US,2,5.029,2.5145
2020-12-10,10,12,2020,US,1,0.014,0.014
2021-11-11,11,11,2021,US,15,203.361,13.5574
2020-04-28,28,4,2020,US,15,53.178000000000004,3.5451999999999995
2021-10-08,8,10,2021,US,1,0.001,0.001
2020-09-01,1,9,2020,US,1,0.068,0.068
2020-06-09,9,6,2020,US,15,58.781,3.9187333333333338
2021-11-05,5,11,2021,US,4,10.238,2.5595000000000003
2020-07-02,2,7,2020,US,7,44.035,6.2907142857142864
2020-05-31,31,5,2020,US,1,0.011,0.011
2021-11-16,16,11,2021,US,8,136.072,17.009
2021-02-22,22,2,2021,US,3,24.021,8.0070000000000014
2020-01-15,15,1,2020,US,8,60.024,7.5029999999999992
2020-02-10,10,2,2020,US,4,25.447,6.3617499999999989
2020-03-03,3,3,2020,US,15,139.00400000000002,9.2669333333333341
2021-11-01,1,11,2021,US,8,4.388,0.54849999999999988
2021-11-12,12,11,2021,US,3,24.302,8.1006666666666653
2020-05-21,21,5,2020,US,4,5.532,1.383
2021-08-10,10,8,2021,ZA,6,0.03805999999999999,0.0063433333333333328
2021-09-02,2,9,2021,ZA,15,405.587024,27.039134933333333
2021-08-11,11,8,2021,ZA,1,-0.005568,-0.005568
2021-09-12,12,9,2021,ZA,5,3.235532,0.64710640000000008
2021-08-31,31,8,2021,ZA,50,-27.682372000000015,-0.55364744
2021-09-26,26,9,2021,ZA,2,2.316217,1.1581085
2021-10-19,19,10,2021,ZA,1,0.000815,0.000815
2021-08-26,26,8,2021,ZA,5,17.696945,3.5393890000000003
2021-07-25,25,7,2021,CN,19,1690,88.94736842105263
2020-01-14,14,1,2020,CN,6,1303,217.16666666666669
2020-06-08,8,6,2020,BE,1,9.5,9.5
2020-06-25,25,6,2020,CN,12,2493,207.75
2020-03-03,3,3,2020,CN,6,779,129.83333333333331
2021-09-30,30,9,2021,IS,7,61.615460999999996,8.8022087142857153
2020-06-11,11,6,2020,LV,7,130.244463,18.606351857142858
2020-06-09,9,6,2020,HR,1,11.6,11.6
2020-06-10,10,6,2020,IE,10,76.57036063999999,7.6570360639999988
2020-06-11,11,6,2020,HR,4,42.332,10.583
2020-06-10,10,6,2020,GR,5,423,84.6
2020-06-27,27,6,2020,CN,12,1542,128.5
2020-06-11,11,6,2020,IS,27,163.4878313,6.0551048629629625
2020-01-15,15,1,2020,MN,4,80,20
2020-06-24,24,6,2020,CN,6,737,122.83333333333334
2021-12-24,24,12,2021,PE,4,190.76999999999998,47.692499999999995
2020-06-26,26,6,2020,CN,12,1589,132.41666666666666
2020-06-10,10,6,2020,IS,11,33.57481,3.0522554545454552
2021-11-29,29,11,2021,TR,4,340.75,85.1875
2021-04-24,24,4,2021,AT,2,12.7885003,6.3942501499999995
2020-12-04,4,12,2020,AT,4,69.051618109999993,17.262904527499998
2021-12-30,30,12,2021,AT,5,1141.16498993,228.23299798599996
2020-01-29,29,1,2020,AU,6,28.082,4.6803333333333335
2020-01-20,20,1,2020,CA,4,5.013,1.25325
2020-07-20,20,7,2020,CL,1,16.32,16.32
2021-11-06,6,11,2021,CZ,6,424.6,70.76666666666668
2020-03-16,16,3,2020,DE,2,86.16,43.08
2020-04-26,26,4,2020,DE,3,86.79,28.93
2021-07-01,1,7,2021,DE,1,10.4,10.4
2020-01-06,6,1,2020,DE,10,144.76,14.476
2021-01-01,1,1,2021,DE,4,341.43,85.3575
2021-01-05,5,1,2021,DE,3,39.760000000000005,13.253333333333334
2020-03-09,9,3,2020,DE,3,80.83,26.943333333333335
2020-05-26,26,5,2020,ES,5,189,37.8
2020-03-23,23,3,2020,ES,3,88,29.333333333333332
2020-05-17,17,5,2020,ES,17,272,16
2020-03-10,10,3,2020,ES,3,107,35.666666666666671
2020-06-30,30,6,2020,ES,6,116.7,19.45
2020-01-29,29,1,2020,ES,3,60,20
2020-05-28,28,5,2020,ES,4,75,18.75
2020-03-03,3,3,2020,FI,1,27.9,27.9
2021-03-23,23,3,2021,FR,1,6.6,6.6
2020-03-26,26,3,2020,FR,4,23.2,5.8
2020-02-18,18,2,2020,FR,8,158.2,19.775
2021-12-29,29,12,2021,FR,3,14.6,4.8666666666666671
2021-03-03,3,3,2021,FR,1,30.6,30.6
2020-02-11,11,2,2020,FR,4,8.2,2.05
2020-01-13,13,1,2020,FR,6,143.4,23.9
2021-06-15,15,6,2021,FR,2,64.9,32.45
2021-12-09,9,12,2021,FR,2,84.4,42.199999999999996
2020-06-04,4,6,2020,FR,3,80.999999999999986,27.000000000000004
2021-09-20,20,9,2021,GB,4,41,10.25
2021-11-03,3,11,2021,GB,1,52.6,52.6
2020-08-07,7,8,2020,GB,2,17,8.5
2020-06-09,9,6,2020,GB,5,49,9.8
2020-05-25,25,5,2020,IN,5,1077.5,215.5
2020-04-28,28,4,2020,IN,10,553.7,55.370000000000005
2020-05-15,15,5,2020,IN,6,1919.09,319.84833333333336
2020-04-10,10,4,2020,IN,4,1192.3000000000002,298.07500000000005
2020-05-03,3,5,2020,IT,2,28,14
2021-12-20,20,12,2021,IT,2,99,49.5
2021-12-04,4,12,2021,IT,2,32.82,16.41
2020-03-12,12,3,2020,IT,2,48,24
2020-06-03,3,6,2020,IT,19,4420.158029,232.63989626315788
2020-05-13,13,5,2020,IT,1,9,9
2021-09-11,11,9,2021,MX,1,0.018331833,0.018331833
2021-11-18,18,11,2021,MX,1,0.018,0.018
2021-10-25,25,10,2021,MX,1,0.019,0.019
2021-09-21,21,9,2021,MX,26,123.2546965802688,4.7405652530872606
2021-10-27,27,10,2021,MX,1,0.017,0.017
2021-11-19,19,11,2021,MX,3,0.078,0.026000000000000002
2020-01-13,13,1,2020,NO,4,3109.492467,777.37311675
2020-06-10,10,6,2020,NO,52,742.24794800000018,14.273999
2021-03-25,25,3,2021,NO,1,19.319453,19.319453
2020-02-27,27,2,2020,PL,4,34.86,8.715
2020-01-28,28,1,2020,PL,3,29.999999999999996,9.9999999999999982
2021-03-02,2,3,2021,PL,3,108.1494,36.0498
2020-03-25,25,3,2020,PT,2,32.6,16.3
2020-05-07,7,5,2020,RO,1,2.947434,2.947434
2021-07-08,8,7,2021,RO,1,10.04912924,10.04912924
2020-06-09,9,6,2020,RO,3,101.2824809,33.76082696666667
2020-06-10,10,6,2020,RO,2,56.2751506,28.1375753
2020-04-28,28,4,2020,RO,1,9.890721,9.890721
2021-06-01,1,6,2021,SE,1,31.386,31.386
2020-06-06,6,6,2020,SK,1,7.66253,7.66253
2021-09-16,16,9,2021,TH,4,980.496,245.12399999999997
2020-06-07,7,6,2020,TH,5,14.017999999999999,2.8036
2020-03-26,26,3,2020,TH,4,30.026,7.5065
2021-12-09,9,12,2021,TH,1,0.023,0.023
2020-06-08,8,6,2020,TH,3,13.014,4.338
2020-05-21,21,5,2020,TH,1,0.011,0.011
2020-05-16,16,5,2020,TH,6,63.022999999999996,10.503833333333333
2020-12-31,31,12,2020,US,2,0.31398217266407941,0.1569910863320397
2021-10-16,16,10,2021,US,3,9.722,3.2406666666666664
2020-08-27,27,8,2020,US,5,44,8.8
2020-01-06,6,1,2020,US,16,7.192,0.44950000000000007
2021-08-18,18,8,2021,US,4,27.015,6.75375
2020-05-02,2,5,2020,US,2,0.006,0.003
2021-12-15,15,12,2021,US,5,13.986,2.7972
2021-11-25,25,11,2021,ZA,2,0.003416,0.001708
2021-06-22,22,6,2021,ZA,1,-0.000263,-0.000263
2021-09-25,25,9,2021,ZA,2,0.019773,0.0098865
2020-06-10,10,6,2020,MT,3,79.17738,26.392460000000003
2021-10-06,6,10,2021,HU,1,2.0319465,2.0319465
2020-01-20,20,1,2020,BE,8,4,0.5
2020-05-14,14,5,2020,CN,18,1357,75.388888888888886
2020-01-06,6,1,2020,CN,5,1420,284
2021-08-24,24,8,2021,PE,1,12.32,12.32
2020-09-26,26,9,2020,CN,6,717,119.5
2020-01-08,8,1,2020,CN,12,2193,182.75000000000006
2020-02-06,6,2,2020,BE,4,3,0.75
2020-04-30,30,4,2020,CN,6,1003,167.16666666666669
2021-02-12,12,2,2021,BE,2,23,11.5
2020-06-02,2,6,2020,AU,5,8.027000000000001,1.6054
2021-09-29,29,9,2021,CA,8,40.827999999999996,5.1035
2020-02-29,29,2,2020,CZ,2,8.6,4.3
2020-01-15,15,1,2020,DE,2,2.66,1.33
2020-12-30,30,12,2020,DE,3,401.24,133.74666666666667
2020-11-06,6,11,2020,DE,1,3052.62,3052.62
2020-10-08,8,10,2020,ES,3,26,8.6666666666666661
2020-09-21,21,9,2020,ES,1,5,5
2021-09-25,25,9,2021,ES,1,5,5
2021-05-28,28,5,2021,ES,5,42,8.4
2020-01-23,23,1,2020,ES,2,2,1
2021-09-18,18,9,2021,ES,1,6,6
2021-03-23,23,3,2021,ES,3,71,23.666666666666664
2020-02-18,18,2,2020,ES,3,110,36.666666666666671
2020-10-23,23,10,2020,ES,1,0.1,0.1
2020-05-26,26,5,2020,FI,1,1.5089021,1.5089021
2020-05-07,7,5,2020,FR,2,9.8,4.9
2020-03-24,24,3,2020,FR,6,144.4,24.06666666666667
2020-02-19,19,2,2020,FR,3,36.1,12.033333333333333
2020-12-30,30,12,2020,FR,4,83.5,20.875
2020-05-15,15,5,2020,FR,2,0,0
2021-12-09,9,12,2021,IN,6,2501.35,416.89166666666665
2020-06-01,1,6,2020,IN,9,9804.6899999999987,1089.4099999999999
2020-01-03,3,1,2020,IN,12,936.52,78.043333333333337
2020-01-09,9,1,2020,IN,6,2505.58,417.59666666666669
2021-01-05,5,1,2021,IT,1,19,19
2021-09-20,20,9,2021,MX,14,1046.5140122586947,74.75100087562106
2020-06-05,5,6,2020,MX,3,10.108,3.369333333333334
2021-10-07,7,10,2021,MX,1,0.001,0.001
2021-10-26,26,10,2021,MX,7,16.49,2.3557142857142859
2020-12-25,25,12,2020,MX,1,0.0026336,0.0026336
2021-11-09,9,11,2021,MX,3,68.01,22.669999999999998
2021-03-23,23,3,2021,MX,2,0.008795143,0.0043975715
2021-05-31,31,5,2021,PL,2,19.398709999999998,9.6993549999999988
2021-03-23,23,3,2021,PL,3,144.95934,48.319779999999994
2020-08-25,25,8,2020,PL,7,237.60300999999998,33.943287142857145
2020-10-16,16,10,2020,PT,1,17,17
2020-06-10,10,6,2020,SE,4,30.254692,7.563673
2020-09-17,17,9,2020,TH,3,0.002,0.00066666666666666675
2021-05-06,6,5,2021,TH,1,0,0
2021-06-13,13,6,2021,TH,1,0.007,0.007
2020-02-04,4,2,2020,US,3,5.5,1.8333333333333335
2021-10-14,14,10,2021,US,2,11.4,5.7
2021-08-17,17,8,2021,US,1,-0.002,-0.002
2021-05-06,6,5,2021,US,1,0.001,0.001
2020-12-18,18,12,2020,US,1,0,0
2021-08-20,20,8,2021,US,1,-0.001,-0.001
2020-05-08,8,5,2020,US,7,0.006,0.00085714285714285721
2021-11-12,12,11,2021,ZA,2,0.015038,0.0075190000000000005
2021-11-19,19,11,2021,ZA,1,0.005859,0.005859
2021-10-11,11,10,2021,ZA,1,0.0001,0.0001
2021-08-15,15,8,2021,ZA,5,94.489460999999991,18.897892199999998
2020-06-11,11,6,2020,SI,9,66,7.333333333333333
2020-01-25,25,1,2020,HR,1,76.6,76.6
2020-01-18,18,1,2020,CN,5,866,173.20000000000002
2021-08-07,7,8,2021,CN,6,920,153.33333333333334
2020-06-11,11,6,2020,CN,28,4404,157.28571428571431
2020-02-04,4,2,2020,CN,6,1182,197
2021-09-14,14,9,2021,AU,7,15.029,2.147
2020-06-03,3,6,2020,AU,4,46.599999999999994,11.649999999999999
2020-01-20,20,1,2020,AU,2,46.4,23.2
2020-02-07,7,2,2020,AU,4,22.004,5.5009999999999994
2021-11-03,3,11,2021,CA,5,6.936,1.3872
2020-06-09,9,6,2020,DE,4,75.75,18.9375
2020-05-18,18,5,2020,ES,2,18,9
2020-01-02,2,1,2020,ES,4,42,10.5
2020-04-06,6,4,2020,ES,4,147,36.75
2020-06-09,9,6,2020,FI,1,1086,1086
2020-03-09,9,3,2020,FR,1,10.5,10.5
2020-06-08,8,6,2020,FR,8,180.59999999999997,22.575
2020-01-15,15,1,2020,FR,4,78.2,19.55
2020-01-20,20,1,2020,FR,2,16.8,8.4
2021-12-15,15,12,2021,FR,1,13.8,13.8
2020-04-08,8,4,2020,FR,6,226.8,37.8
2021-06-21,21,6,2021,GB,3,66,22
2021-08-19,19,8,2021,GB,1,11,11
2021-05-19,19,5,2021,GB,1,5.6,5.6
2021-10-01,1,10,2021,GB,4,82,20.5
2020-11-20,20,11,2020,IN,2,0,0
2020-06-04,4,6,2020,IN,7,2000.16,285.73714285714289
2020-04-03,3,4,2020,IT,191,3523,18.445026178010469
2020-03-30,30,3,2020,IT,26,394,15.153846153846157
2021-04-20,20,4,2021,IT,1,2.9,2.9
2020-04-22,22,4,2020,MX,1,34,34
2020-06-10,10,6,2020,MX,8,46.720000000000006,5.84
2021-02-12,12,2,2021,MX,3,984.0001,328.00003333333336
2020-06-08,8,6,2020,NO,5,24.143111,4.8286222000000008
2021-12-21,21,12,2021,PL,3,13.19967,4.3998899999999992
2021-12-27,27,12,2021,PL,2,256.78999999999996,128.39499999999998
2020-12-08,8,12,2020,PL,1,8.11764,8.11764
2020-06-08,8,6,2020,PT,2,10.3,5.15
2021-10-22,22,10,2021,PT,2,16,8
2021-09-23,23,9,2021,PT,1,4,4
2020-05-21,21,5,2020,PT,10,114.7,11.469999999999999
2020-06-09,9,6,2020,SK,2,14.600900000000001,7.3004500000000005
2021-07-09,9,7,2021,TH,1,13,13
2021-06-23,23,6,2021,TH,5,118,23.6
2020-09-15,15,9,2020,TH,2,23.119,11.5595
2021-01-28,28,1,2021,US,5,2.7640000000000002,0.55280000000000018
2020-06-01,1,6,2020,US,3,16.71,5.57
2020-11-02,2,11,2020,US,6,147.518,24.586333333333336
2021-07-06,6,7,2021,US,3,7.054,2.3513333333333337
2020-01-08,8,1,2020,US,6,-14.8,-2.4666666666666668
2020-03-16,16,3,2020,US,4,59,14.75
2021-11-15,15,11,2021,US,6,121.013,20.168833333333335
2021-11-09,9,11,2021,US,5,57.715,11.543
2021-10-04,4,10,2021,US,4,31.749000000000002,7.93725
2021-09-14,14,9,2021,ZA,15,77.023037,5.1348691333333338
2021-08-27,27,8,2021,ZA,2,0,0
2020-06-11,11,6,2020,KU,1,39,39
2020-06-11,11,6,2020,NP,4,51.027,12.75675
2021-07-09,9,7,2021,CN,1,12,12
2020-06-11,11,6,2020,ET,2,-1998,-999
2020-06-11,11,6,2020,DZ,1,20,20
2021-04-11,11,4,2021,NI,3,130.5,43.5
2021-08-25,25,8,2021,SA,2,77,38.5
2020-06-11,11,6,2020,SU,1,12,12
2020-06-10,10,6,2020,KG,1,-3,-3
2020-06-11,11,6,2020,GT,1,24,24
2020-06-10,10,6,2020,JO,1,12,12
2020-06-11,11,6,2020,PK,4,146,36.5
2021-07-19,19,7,2021,CN,1,46,46
2020-06-11,11,6,2020,AF,2,48,24
2021-04-16,16,4,2021,NI,3,208.7,69.566666666666663
2020-06-11,11,6,2020,GN,1,48,48
2021-04-06,6,4,2021,NI,1,108,108
2020-06-11,11,6,2020,KG,1,0,0
2020-06-25,25,6,2020,AU,2,14.399999999999999,7.2
2020-02-20,20,2,2020,AU,3,27.500000000000004,9.1666666666666679
2021-07-02,2,7,2021,AU,1,1.66,1.66
2020-02-17,17,2,2020,AU,6,43.4,7.2333333333333343
2020-07-30,30,7,2020,AU,1,3.5,3.5
2020-06-10,10,6,2020,AU,6,214,35.666666666666671
2020-02-19,19,2,2020,AU,4,2.44,0.61
2021-12-09,9,12,2021,CA,2,7.8999999999999995,3.9499999999999997
2021-11-11,11,11,2021,CA,2,1.523,0.7615
2021-02-05,5,2,2021,CZ,5,169.8,33.96
2020-03-28,28,3,2020,DE,1,29.38,29.38
2021-05-31,31,5,2021,ES,2,19,9.5
2021-12-15,15,12,2021,ES,2,11.3,5.65
2020-06-03,3,6,2020,FR,2,35,17.5
2021-06-01,1,6,2021,FR,3,9.4,3.1333333333333337
2020-05-12,12,5,2020,FR,1,-0.5,-0.5
2020-03-17,17,3,2020,FR,1,14.1,14.1
2021-12-13,13,12,2021,GB,7,140,20
2021-07-09,9,7,2021,IN,2,1970,985
2020-06-09,9,6,2020,IN,7,513.85,73.407142857142844
2021-07-20,20,7,2021,IN,3,1970.0097,656.6699000000001
2021-07-25,25,7,2021,IN,1,985,985
2021-07-19,19,7,2021,IN,2,1970,985
2020-01-07,7,1,2020,IN,6,611.9,101.98333333333332
2021-11-23,23,11,2021,IN,5,862.52,172.50400000000002
2020-01-06,6,1,2020,IN,6,665.4,110.89999999999999
2021-03-29,29,3,2021,MX,1,62.7343490708328,62.7343490708328
2020-12-23,23,12,2020,MX,1,61.201,61.201
2021-02-19,19,2,2021,MX,4,43.042264666533335,10.760566166633335
2021-06-18,18,6,2021,NO,3,72.360231,24.120077
2020-10-09,9,10,2020,NO,2,10.1415,5.07075
2020-12-29,29,12,2020,PL,4,42.5,10.625
2020-06-05,5,6,2020,PT,5,76.5,15.299999999999999
2020-05-31,31,5,2020,PT,2,41,20.5
2020-10-22,22,10,2020,SE,1,898.163,898.163
2021-07-25,25,7,2021,TH,1,9,9
2021-10-25,25,10,2021,US,5,16.634,3.3268000000000004
2020-03-04,4,3,2020,US,4,0.19999999999999929,0.050000000000000044
2020-08-18,18,8,2020,US,1,4,4
2020-12-02,2,12,2020,US,1,-4,-4
2020-11-22,22,11,2020,US,2,3,1.5
2020-02-27,27,2,2020,US,8,74.699999999999989,9.3375
2020-05-04,4,5,2020,US,1,8,8
2021-03-17,17,3,2021,US,3,2,0.66666666666666652
2021-06-24,24,6,2021,US,1,-4,-4
2020-03-09,9,3,2020,US,20,75.800000000000011,3.7899999999999991
2021-01-13,13,1,2021,US,2,14.1,7.05
2020-04-09,9,4,2020,US,3,15.039,5.013
2020-04-26,26,4,2020,US,2,12.6,6.3
2020-03-01,1,3,2020,US,3,11,3.6666666666666661
2021-07-13,13,7,2021,US,1,5.1,5.1
2020-08-06,6,8,2020,US,3,8,2.666666666666667
2021-09-03,3,9,2021,US,5,500.70000000000005,100.14000000000001
2020-03-18,18,3,2020,US,1,6,6
2020-02-05,5,2,2020,US,1,14,14
2020-04-14,14,4,2020,US,4,15,3.75
2020-02-06,6,2,2020,US,3,13,4.333333333333333
2020-05-23,23,5,2020,US,2,3.4,1.7
2020-05-12,12,5,2020,US,2,8,4
2021-11-18,18,11,2021,US,1,15.4,15.4
2020-07-25,25,7,2020,US,2,-4,-2
2021-09-30,30,9,2021,US,3,10.319,3.4396666666666671
2020-01-31,31,1,2020,US,1,1,1
2021-03-18,18,3,2021,US,5,35,6.9999999999999991
2020-02-19,19,2,2020,US,3,9.4,3.1333333333333337
2020-08-24,24,8,2020,US,3,74,24.666666666666664
2020-11-24,24,11,2020,US,2,0.5,0.25
2020-03-06,6,3,2020,US,2,19,9.5
2020-11-21,21,11,2020,US,1,-4,-4
2020-06-29,29,6,2020,US,1,50,50
2020-05-18,18,5,2020,US,1,87.9,87.9
2021-07-07,7,7,2021,US,2,3,1.5
2020-05-13,13,5,2020,US,1,0,0
2020-07-29,29,7,2020,US,1,15,15
2020-06-16,16,6,2020,US,3,10.3,3.4333333333333336
2020-01-10,10,1,2020,US,2,5.8229999999999995,2.9114999999999998
2020-01-23,23,1,2020,US,1,14,14
2020-10-21,21,10,2020,US,3,58.2,19.4
2020-06-18,18,6,2020,US,2,15,7.5
2020-02-11,11,2,2020,US,2,10,5
2021-11-02,2,11,2021,US,4,0.025,0.0062500000000000012
2020-03-05,5,3,2020,US,1,10.2,10.2
2021-08-27,27,8,2021,US,2,8.5,4.25
2021-09-05,5,9,2021,US,3,32.5,10.833333333333332
2020-10-10,10,10,2020,US,1,6,6
2020-09-13,13,9,2020,US,1,8,8
2021-03-19,19,3,2021,US,2,-6,-3
2021-11-16,16,11,2021,ZA,2,20.366,10.183
2020-06-10,10,6,2020,ZA,4,21.397000000000002,5.34925
2021-01-02,2,1,2021,US,1,0.18,0.18
2021-12-15,15,12,2021,HR,2,497.9,248.95
2021-12-17,17,12,2021,TR,1,0,0
2021-01-19,19,1,2021,CN,6,1147,191.16666666666666
2020-04-18,18,4,2020,PE,1,1242,1242
2021-08-19,19,8,2021,CO,5,47.050312525,9.410062505
2020-05-08,8,5,2020,CN,6,795,132.5
2020-01-23,23,1,2020,CN,6,399,66.5
2021-07-19,19,7,2021,CA,1,0,0
2021-08-08,8,8,2021,CL,2,0,0
2020-05-29,29,5,2020,ES,12,1223.8400000000001,101.98666666666668
2020-01-27,27,1,2020,ES,4,562,140.5
2020-06-10,10,6,2020,HK,1,849.8,849.8
2021-11-19,19,11,2021,IN,3,972.78,324.26
2020-06-09,9,6,2020,IT,8,2214.682,276.83525000000003
2020-05-08,8,5,2020,IT,1,1590.093,1590.093
2020-05-19,19,5,2020,IT,1,400,400
2021-12-28,28,12,2021,MX,1,1.71,1.71
2021-04-15,15,4,2021,MX,2,38.7195233333333,19.35976166666665
2020-11-04,4,11,2020,MX,1,0.16,0.16
2021-01-19,19,1,2021,MX,2,20.026955408,10.013477704000001
2021-10-06,6,10,2021,MX,1,1.15,1.15
2021-01-28,28,1,2021,PL,1,1289,1289
2021-12-29,29,12,2021,PL,5,509.8,101.96
2020-04-22,22,4,2020,TH,3,8.041,2.6803333333333335
2020-07-24,24,7,2020,TH,2,0,0
2020-09-21,21,9,2020,TH,2,0.33699999999999997,0.16849999999999998
2020-05-26,26,5,2020,US,7,93.712,13.387428571428572
2021-12-28,28,12,2021,US,1,0.66,0.66
2021-07-15,15,7,2021,US,1,0.18,0.18
2020-01-14,14,1,2020,US,6,12.027,2.0045
2021-07-01,1,7,2021,US,1,0.17,0.17
2020-04-03,3,4,2020,US,4,4.28,1.07
2021-10-13,13,10,2021,ZA,6,19.442685,3.2404475
2020-12-18,18,12,2020,GR,1,1,1
2021-03-08,8,3,2021,AE,2,0.022,0.011
2020-05-26,26,5,2020,HR,1,60.1,60.1
2020-06-09,9,6,2020,IE,3,136.916764,45.638921333333336
2020-06-11,11,6,2020,AE,4,73.015999999999991,18.254
2021-05-18,18,5,2021,PE,1,17.86,17.86
2021-02-26,26,2,2021,PE,1,8.92,8.92
2020-06-11,11,6,2020,BM,2,4.001,2.0005
2020-02-21,21,2,2020,CN,6,387,64.5
2020-12-10,10,12,2020,AU,1,0.023,0.023
2021-08-24,24,8,2021,CA,1,0.014,0.014
2021-12-21,21,12,2021,DE,7,113.05,16.150000000000002
2021-01-16,16,1,2021,DE,1,62.2,62.2
2021-01-27,27,1,2021,ES,1,3,3
2020-02-10,10,2,2020,FR,4,209.8,52.45
2021-12-31,31,12,2021,FR,1,25.2,25.2
2020-02-10,10,2,2020,IN,3,139.97,46.656666666666666
2020-02-15,15,2,2020,IN,1,0,0
2021-01-05,5,1,2021,IN,2,0,0
2020-05-01,1,5,2020,IT,2,144,72
2021-07-09,9,7,2021,IT,1,55,55
2020-03-25,25,3,2020,MX,1,0.017,0.017
2021-01-26,26,1,2021,MX,2,0.047857458333333304,0.023928729166666652
2021-09-12,12,9,2021,MX,2,0.3563055555555556,0.17815277777777777
2021-12-27,27,12,2021,MX,2,0.667,0.33349999999999996
2021-04-24,24,4,2021,PT,1,69,69
2020-06-06,6,6,2020,RS,1,29.38968,29.38968
2021-05-12,12,5,2021,SE,1,44.6204,44.6204
2020-07-16,16,7,2020,TH,2,27.667,13.833499999999999
2020-03-17,17,3,2020,US,2,0.039,0.0195
2020-11-03,3,11,2020,US,2,0.076,0.038
2021-08-29,29,8,2021,US,1,0.04,0.04
2021-05-21,21,5,2021,US,1,0.042,0.042
2020-08-10,10,8,2020,US,1,0.004,0.004
2021-11-04,4,11,2021,US,4,14.025,3.5062500000000005
2021-08-25,25,8,2021,US,1,0.037,0.037
2020-06-04,4,6,2020,US,2,6.268,3.1340000000000003
2021-10-18,18,10,2021,US,1,0.015,0.015
2021-05-08,8,5,2021,US,1,0.061,0.061
2020-06-06,6,6,2020,US,5,3.064,0.6127999999999999
2020-11-16,16,11,2020,US,1,0.012,0.012
2021-10-07,7,10,2021,US,5,0.64100000000000024,0.12819999999999998
2020-06-23,23,6,2020,US,1,0.026,0.026
2021-05-03,3,5,2021,ZA,1,0.002772,0.002772
2021-06-07,7,6,2021,ZA,1,-0.00302,-0.00302
2021-06-03,3,6,2021,ZA,1,-0.00292,-0.00292
2021-05-02,2,5,2021,ZA,2,0.013363,0.0066815
2021-05-05,5,5,2021,ZA,1,-0.006558,-0.006558
2021-01-11,11,1,2021,BE,2,56,28
2020-05-29,29,5,2020,IS,1,1.36416,1.36416
2020-04-28,28,4,2020,GR,1,7,7
2020-05-29,29,5,2020,IE,1,2.1933167,2.1933167
2020-01-08,8,1,2020,MN,2,54,27
2020-01-13,13,1,2020,MN,6,836,139.33333333333331
2021-01-06,6,1,2021,BE,1,10,10
2021-09-07,7,9,2021,GR,1,5,5
2020-04-30,30,4,2020,PE,2,23.2,11.6
2021-12-02,2,12,2021,HU,1,46.8449067,46.8449067
2020-12-27,27,12,2020,BE,3,24.6,8.2
2020-06-10,10,6,2020,LV,5,71.839383,14.3678766
2021-06-27,27,6,2021,CL,3,61.75,20.583333333333332
2020-09-23,23,9,2020,ES,2,109,54.5
2021-11-09,9,11,2021,ES,1,1,1
2020-06-10,10,6,2020,FI,4,19,4.75
2020-05-20,20,5,2020,FI,1,4.196067,4.196067
2021-07-14,14,7,2021,FR,2,-0.7,-0.34999999999999987
2020-05-05,5,5,2020,FR,2,22.4,11.2
2020-01-20,20,1,2020,IN,6,1883.0300000000002,313.83833333333337
2020-03-19,19,3,2020,IN,3,128.13,42.709999999999994
2021-07-25,25,7,2021,IT,1,7.4,7.4
2021-04-06,6,4,2021,IT,2,71.009354,35.504677
2020-01-03,3,1,2020,MK,1,0,0
2021-08-30,30,8,2021,MX,1,0.019,0.019
2020-11-22,22,11,2020,MX,1,0.0078972,0.0078972
2020-04-12,12,4,2020,MX,2,0.012,0.006
2021-06-02,2,6,2021,PL,3,392.75984,130.91994666666668
2021-09-29,29,9,2021,PT,1,6.3,6.3
2020-03-30,30,3,2020,PT,1,57.7,57.7
2021-07-20,20,7,2021,SE,9,108.27066,12.030073333333334
2020-06-03,3,6,2020,SE,1,23.8583,23.8583
2020-05-13,13,5,2020,SE,1,6.25,6.25
2021-12-30,30,12,2021,TH,1,0.008,0.008
2021-07-01,1,7,2021,TH,1,0.003,0.003
2020-04-11,11,4,2020,TH,2,29,14.5
2021-09-12,12,9,2021,TH,1,0.004,0.004
2021-11-22,22,11,2021,TH,1,0.002,0.002
2020-05-04,4,5,2020,TH,2,0,0
2020-09-16,16,9,2020,TH,1,0,0
2020-01-29,29,1,2020,US,1,0.001,0.001
2020-05-25,25,5,2020,US,4,0.006,0.0015
2020-04-27,27,4,2020,US,2,0.02,0.01
2021-12-23,23,12,2021,US,1,0.027,0.027
2021-04-16,16,4,2021,US,1,0.014,0.014
2021-05-28,28,5,2021,ZA,1,0.032381,0.032381
2021-11-18,18,11,2021,ZA,1,0.003038,0.003038
2021-10-20,20,10,2021,ZA,3,0.005204,0.0017346666666666669
2020-06-05,5,6,2020,HR,1,4.2,4.2
2020-01-09,9,1,2020,BE,2,0,0
2020-05-06,6,5,2020,IS,1,0,0
2021-07-09,9,7,2021,CO,1,0.04383189,0.04383189
2020-02-25,25,2,2020,BE,2,20,10
2020-01-13,13,1,2020,AU,2,0,0
2020-01-14,14,1,2020,ES,3,19,6.333333333333333
2020-03-08,8,3,2020,ES,1,5,5
2020-05-27,27,5,2020,FR,3,11.7,3.8999999999999995
2021-10-07,7,10,2021,FR,4,77.9,19.475
2020-05-18,18,5,2020,IT,3,7.5,2.5
2020-05-29,29,5,2020,IT,3,18.749357,6.249785666666666
2020-06-02,2,6,2020,IT,2,48.802986,24.401493
2021-09-27,27,9,2021,MX,1,0.001,0.001
2020-05-07,7,5,2020,MX,1,0,0
2021-12-06,6,12,2021,PL,2,93.792300000000012,46.89615
2021-08-04,4,8,2021,PL,4,78.77554,19.693885
2021-07-12,12,7,2021,PT,1,61,61
2020-07-09,9,7,2020,TH,1,0.011,0.011
2020-09-03,3,9,2020,TH,1,0.11,0.11
2020-08-12,12,8,2020,US,1,0,0
2020-04-13,13,4,2020,US,3,5.902,1.9673333333333332
2020-06-15,15,6,2020,US,3,6.001,2.0003333333333333
2020-06-02,2,6,2020,US,2,4.9,2.45
2021-08-04,4,8,2021,US,3,3.6000000000000005,1.2000000000000002
2021-01-07,7,1,2021,US,2,0.001,0.0005
2021-01-06,6,1,2021,US,2,0.042,0.021
2021-04-02,2,4,2021,US,1,0.002,0.002
2021-10-04,4,10,2021,ZA,1,0.000265,0.000265
2021-11-09,9,11,2021,ZA,1,0,0
2020-02-22,22,2,2020,PE,1,13.11,13.11
2021-11-24,24,11,2021,BE,2,61.5,30.75
2020-10-25,25,10,2020,BE,1,4,4
2020-01-14,14,1,2020,MN,2,14,7
2020-06-09,9,6,2020,AU,2,17.5,8.75
2020-03-16,16,3,2020,AU,2,132.6,66.3
2021-12-07,7,12,2021,BG,1,379.11,379.11
2021-07-25,25,7,2021,CL,3,208.68,69.56
2021-03-11,11,3,2021,CZ,2,181,90.5
2021-01-13,13,1,2021,DE,2,27.119999999999997,13.559999999999999
2020-06-08,8,6,2020,DE,3,52.87,17.623333333333335
2020-01-20,20,1,2020,ES,2,4,2
2020-04-13,13,4,2020,ES,1,26.88,26.88
2020-03-22,22,3,2020,ES,1,7,7
2021-12-28,28,12,2021,ES,1,10,10
2020-05-21,21,5,2020,ES,1,26,26
2020-01-28,28,1,2020,ES,2,31.82,15.91
2020-02-24,24,2,2020,ES,3,168,56
2021-03-22,22,3,2021,ES,1,15,15
2021-12-21,21,12,2021,FR,2,353.1,176.54999999999998
2020-06-09,9,6,2020,FR,7,132.8,18.971428571428572
2020-01-01,1,1,2020,FR,3,119,39.666666666666671
2021-03-19,19,3,2021,FR,2,32.5,16.25
2020-12-23,23,12,2020,FR,3,75,25
2020-02-12,12,2,2020,FR,2,23.6,11.8
2021-01-19,19,1,2021,FR,1,10.4,10.4
2021-09-14,14,9,2021,GB,3,61,20.333333333333332
2020-05-11,11,5,2020,IT,1,5.5,5.5
2021-09-13,13,9,2021,MX,1,20.62,20.62
2021-04-13,13,4,2021,MX,2,156,78
2021-09-06,6,9,2021,MX,1,20,20
2021-10-29,29,10,2021,MX,1,55,55
2020-05-26,26,5,2020,NO,4,15.420167,3.85504175
2020-06-09,9,6,2020,NO,1,16,16
2020-12-30,30,12,2020,PL,4,195.99509999999998,48.998774999999995
2021-12-10,10,12,2021,PL,1,71.8137,71.8137
2021-12-30,30,12,2021,PL,4,115.94037,28.9850925
2020-12-16,16,12,2020,PL,2,25.642699999999998,12.821349999999999
2021-06-11,11,6,2021,PT,1,9,9
2020-04-07,7,4,2020,PT,1,0,0
2021-01-11,11,1,2021,SE,1,10.541,10.541
2021-11-22,22,11,2021,SE,3,63.36725,21.122416666666666
2020-06-25,25,6,2020,SE,1,12.532,12.532
2020-09-02,2,9,2020,TH,2,39,19.5
2021-11-14,14,11,2021,TH,2,63.76,31.88
2021-09-30,30,9,2021,TH,3,20.431,6.8103333333333325
2021-11-13,13,11,2021,US,3,46.109,15.369666666666667
2020-04-15,15,4,2020,US,1,0,0
2020-08-25,25,8,2020,US,4,10.055,2.51375
2021-03-12,12,3,2021,US,2,3.435,1.7175
2021-10-05,5,10,2021,ZA,3,40.962257,13.654085666666667
2021-09-19,19,9,2021,ZA,2,86.25800000000001,43.129000000000005
2020-06-11,11,6,2020,KV,1,10,10
2021-09-08,8,9,2021,ET,1,31,31
2021-12-16,16,12,2021,BA,1,87,87
2020-06-11,11,6,2020,VN,1,25,25
2020-06-11,11,6,2020,CI,1,32,32
2021-05-19,19,5,2021,CN,1,32,32
2020-02-05,5,2,2020,BE,2,1.5,0.75
2020-05-26,26,5,2020,IS,2,14,7
2020-06-11,11,6,2020,CE,1,8,8
2021-08-15,15,8,2021,AF,1,136,136
2020-12-03,3,12,2020,IS,1,0.907,0.907
2021-07-14,14,7,2021,SA,1,70,70
2020-06-10,10,6,2020,ML,1,34,34
2020-06-11,11,6,2020,ID,2,139,69.5
2020-07-26,26,7,2020,CN,1,17,17
2020-01-18,18,1,2020,AU,2,18,9
2021-01-04,4,1,2021,AU,2,4.4,2.2
2021-01-14,14,1,2021,AU,2,3.28,1.64
2020-02-21,21,2,2020,AU,4,7.8,1.95
2020-01-09,9,1,2020,AU,2,22.5,11.25
2020-08-12,12,8,2020,AU,2,4,2
2020-01-23,23,1,2020,AU,2,0,0
2020-09-24,24,9,2020,AU,2,0.93,0.46499999999999997
2021-01-28,28,1,2021,CA,2,4.019,2.0095
2021-04-30,30,4,2021,CA,2,4.6,2.3
2021-04-28,28,4,2021,CA,1,3,3
2020-06-03,3,6,2020,CL,1,0,0
2020-05-15,15,5,2020,CL,1,0,0
2021-06-29,29,6,2021,CL,2,327,163.5
2020-04-21,21,4,2020,ES,1,1,1
2020-03-28,28,3,2020,ES,2,2,1
2020-01-02,2,1,2020,FI,4,18.350846,4.5877115
2021-05-25,25,5,2021,FR,1,4.5,4.5
2021-03-12,12,3,2021,IN,1,0,0
2021-07-14,14,7,2021,IN,3,2955,985
2021-07-13,13,7,2021,IN,2,1970,985
2021-10-26,26,10,2021,IT,1,12,12
2020-03-21,21,3,2020,MX,1,100.6,100.6
2020-12-18,18,12,2020,MX,1,52.654,52.654
2021-12-14,14,12,2021,PL,2,95.7704,47.8852
2020-09-17,17,9,2020,PL,2,23.72,11.86
2020-08-22,22,8,2020,PL,1,48.31,48.31
2021-07-22,22,7,2021,TH,1,9,9
2020-05-30,30,5,2020,US,1,6,6
2020-11-18,18,11,2020,US,2,4,2
2020-10-23,23,10,2020,US,1,3.4,3.4
2020-12-01,1,12,2020,US,5,33.101,6.6202
2020-09-29,29,9,2020,US,6,41,6.8333333333333339
2020-01-22,22,1,2020,US,5,66.6,13.32
2021-06-23,23,6,2021,US,2,7,3.5
2021-05-22,22,5,2021,US,1,9.3,9.3
2021-09-29,29,9,2021,US,5,23.089,4.6178000000000008
2020-02-14,14,2,2020,US,3,41.4,13.8
2020-05-17,17,5,2020,US,1,1,1
2020-08-21,21,8,2020,US,3,142,47.333333333333329
2021-06-12,12,6,2021,US,1,2.5,2.5
2020-01-12,12,1,2020,US,2,30.2,15.1
2020-06-30,30,6,2020,US,3,73.7,24.56666666666667
2020-03-12,12,3,2020,US,1,8,8
2020-01-17,17,1,2020,US,1,-4,-4
2020-06-26,26,6,2020,US,2,8,4
2020-06-25,25,6,2020,US,2,16,8
2020-02-01,1,2,2020,US,3,33,11
2020-03-15,15,3,2020,US,1,-4,-4
2021-09-07,7,9,2021,US,3,38,12.666666666666666
2020-02-29,29,2,2020,US,2,23.1,11.549999999999999
2020-06-07,7,6,2020,US,1,5.3,5.3
2020-04-01,1,4,2020,US,2,10,5
2021-12-08,8,12,2021,US,2,14.3,7.15
2020-09-17,17,9,2020,US,2,226,113
2020-03-19,19,3,2020,US,2,8,4
2020-09-30,30,9,2020,US,1,29,29
2020-02-18,18,2,2020,US,4,30.212,7.553
2020-02-24,24,2,2020,US,1,15,15
2021-08-30,30,8,2021,US,1,5,5
2021-12-20,20,12,2021,US,1,2,2
2021-06-25,25,6,2021,US,1,2.9,2.9
2021-09-01,1,9,2021,US,1,8,8
2020-06-17,17,6,2020,US,2,2,1
2021-03-29,29,3,2021,US,2,4.001,2.0004999999999997
2020-01-09,9,1,2020,US,1,1,1
2020-02-23,23,2,2020,US,1,12.2,12.2
2020-04-30,30,4,2020,US,2,17.8,8.9
2020-04-12,12,4,2020,US,1,11,11
2020-08-29,29,8,2020,US,2,0,0
2021-09-26,26,9,2021,US,1,1.2,1.2
2021-06-21,21,6,2021,US,1,3.1,3.1
2021-12-21,21,12,2021,ZA,1,19.429,19.429
2021-12-15,15,12,2021,PL,1,1.43699,1.43699
2021-01-04,4,1,2021,US,2,0.74,0.37
2021-05-28,28,5,2021,PE,1,2255.15,2255.15
2021-01-06,6,1,2021,LV,1,0.3,0.3
2020-10-29,29,10,2020,HU,1,1043.54725,1043.54725
2020-01-24,24,1,2020,AU,2,0.02,0.01
2020-06-05,5,6,2020,AU,2,0.639,0.3195
2020-06-08,8,6,2020,BG,1,280,280
2021-05-18,18,5,2021,CL,2,0,0
2021-03-09,9,3,2021,ES,2,481,240.5
2020-04-16,16,4,2020,ES,1,500,500
2021-01-04,4,1,2021,ES,1,500,500
2020-05-15,15,5,2020,IT,2,1022.677,511.3385
2021-09-25,25,9,2021,MX,1,0.64,0.64
2020-06-01,1,6,2020,MX,1,0.5,0.5
2020-05-24,24,5,2020,MX,1,1,1
2020-05-30,30,5,2020,MX,2,0.64,0.32
2021-01-01,1,1,2021,MX,1,0,0
2021-12-28,28,12,2021,TH,1,1,1
2020-06-17,17,6,2020,TH,1,0.64,0.64
2020-05-07,7,5,2020,US,1,0.23,0.23
2020-03-13,13,3,2020,US,1,0.01,0.01
2020-05-15,15,5,2020,US,2,2,1
2020-03-30,30,3,2020,US,2,1.003,0.50150000000000006
2021-09-09,9,9,2021,ZA,1,0.936,0.936
2021-08-08,8,8,2021,AE,1,-0.999,-0.999
2020-02-27,27,2,2020,PE,1,5.29,5.29
2020-06-10,10,6,2020,CH,1,0.09,0.09
2021-03-09,9,3,2021,MM,2,0.024,0.012
2020-01-19,19,1,2020,CN,1,92,92
2020-03-02,2,3,2020,BH,1,0.024,0.024
2021-11-10,10,11,2021,AU,2,3.7110000000000003,1.8555
2020-01-22,22,1,2020,CA,1,0.038,0.038
2021-05-01,1,5,2021,CL,1,0,0
2020-03-01,1,3,2020,CZ,2,18,9
2020-07-14,14,7,2020,DE,1,31,31
2021-08-17,17,8,2021,ES,4,78,19.5
2020-05-25,25,5,2020,ES,1,84,84
2021-05-17,17,5,2021,FR,2,64.6,32.3
2020-04-21,21,4,2020,FR,2,59.6,29.8
2021-12-19,19,12,2021,IT,1,42,42
2020-08-12,12,8,2020,MX,4,0.928,0.232
2021-11-01,1,11,2021,NO,1,115.28625,115.28625
2020-01-08,8,1,2020,NO,2,84,42
2020-01-15,15,1,2020,PT,1,49,49
2021-08-17,17,8,2021,PT,1,52,52
2021-11-10,10,11,2021,PT,1,0,0
2021-12-14,14,12,2021,RO,2,31.143825890000002,15.571912945000001
2021-03-02,2,3,2021,SE,2,77.25,38.625
2020-05-19,19,5,2020,SE,1,62.26,62.26
2021-12-16,16,12,2021,TH,1,0.051,0.051
2020-04-17,17,4,2020,TH,2,0,0
2021-04-08,8,4,2021,US,1,0.032,0.032
2020-01-03,3,1,2020,US,2,0.014,0.007
2021-11-03,3,11,2021,US,3,8.6239999999999988,2.8746666666666663
2020-12-09,9,12,2020,US,2,0.029,0.0145
2020-05-11,11,5,2020,US,2,63.062,31.531000000000002
2020-07-13,13,7,2020,US,1,0,0
2021-12-10,10,12,2021,US,1,0.026,0.026
2020-10-06,6,10,2020,US,1,0.007,0.007
2021-06-01,1,6,2021,ZA,1,0.018368,0.018368
2021-12-19,19,12,2021,CO,3,0.0076764,0.0025588
2020-06-15,15,6,2020,CN,2,5,2.5
2021-01-05,5,1,2021,BE,2,21.5,10.75
2021-09-16,16,9,2021,CA,1,0.001,0.001
2021-02-26,26,2,2021,CA,1,0.007,0.007
2020-04-27,27,4,2020,ES,1,18,18
2020-02-26,26,2,2020,FR,2,8.6,4.3
2020-12-03,3,12,2020,FR,1,9.4,9.4
2020-12-14,14,12,2020,FR,2,46.2,23.1
2020-03-06,6,3,2020,FR,2,42.2,21.1
2020-02-26,26,2,2020,GB,1,7,7
2020-05-19,19,5,2020,IN,1,24.3,24.3
2021-03-31,31,3,2021,IT,1,34,34
2021-03-24,24,3,2021,MX,2,985.0044,492.50219999999996
2020-05-18,18,5,2020,MX,1,0.001,0.001
2021-12-14,14,12,2021,MX,2,0.024,0.012
2021-04-14,14,4,2021,NO,1,4.716171,4.716171
2021-12-06,6,12,2021,NO,1,12.423166,12.423166
2020-10-12,12,10,2020,NO,1,0.534639,0.534639
2020-06-04,4,6,2020,NO,1,23.06765,23.06765
2020-01-07,7,1,2020,NO,2,107.87267299999999,53.936336499999996
2021-11-09,9,11,2021,PT,1,20.1,20.1
2020-05-26,26,5,2020,RO,1,25.488712,25.488712
2020-11-10,10,11,2020,SE,1,23.102,23.102
2021-08-07,7,8,2021,TH,1,0.007,0.007
2020-02-06,6,2,2020,TH,1,0,0
2021-05-05,5,5,2021,TH,1,0.025,0.025
2021-12-24,24,12,2021,US,1,0.014,0.014
2021-03-31,31,3,2021,US,3,4.603,1.5343333333333331
2021-10-11,11,10,2021,US,1,0,0
2021-09-22,22,9,2021,ZA,1,0.014042,0.014042
2021-08-18,18,8,2021,ZA,2,232.593075,116.29653749999999
2021-10-14,14,10,2021,ZA,1,0.102702,0.102702
2020-11-30,30,11,2020,CO,1,0.003301071,0.003301071
2020-02-22,22,2,2020,IE,2,24.14984537,12.074922685
2021-07-12,12,7,2021,IS,1,1.8705,1.8705
2020-01-02,2,1,2020,MN,2,94,47
2020-06-09,9,6,2020,CZ,2,12.8,6.4
2020-06-08,8,6,2020,CZ,5,18.9,3.7800000000000002
2020-06-02,2,6,2020,DE,2,1.72,0.86
2020-07-04,4,7,2020,ES,1,2,2
2021-03-20,20,3,2021,FI,1,1.0443199,1.0443199
2020-05-03,3,5,2020,FR,2,3.2,1.6
2020-12-29,29,12,2020,FR,1,0,0
2021-01-04,4,1,2021,IT,1,16,16
2021-12-18,18,12,2021,IT,1,5.32,5.32
2020-05-07,7,5,2020,IT,1,3,3
2020-04-02,2,4,2020,MK,1,0.66834897,0.66834897
2021-03-18,18,3,2021,MX,1,0.0078,0.0078
2020-12-08,8,12,2020,MX,1,0.0217093013,0.0217093013
2021-11-11,11,11,2021,MX,1,0.002,0.002
2020-05-23,23,5,2020,MX,1,0.001,0.001
2020-06-10,10,6,2020,TH,2,0.041,0.0205
2020-08-20,20,8,2020,US,2,87.008,43.504000000000005
2021-11-17,17,11,2021,ZA,1,2.6e-05,2.6e-05
2021-12-22,22,12,2021,ZA,4,13.623289999999999,3.4058224999999998
2021-07-04,4,7,2021,ZA,1,0.000129,0.000129
2021-05-12,12,5,2021,IS,1,0,0
2020-05-28,28,5,2020,IS,1,-3,-3
2021-08-08,8,8,2021,AU,1,9.4,9.4
2020-04-07,7,4,2020,CA,2,92,46
2020-02-05,5,2,2020,CL,2,14.14,7.07
2021-12-31,31,12,2021,DE,4,54.153,13.53825
2021-01-18,18,1,2021,DE,3,78.8,26.266666666666666
2021-04-12,12,4,2021,ES,1,8,8
2020-02-07,7,2,2020,FI,1,1197.819,1197.819
2020-12-31,31,12,2020,FR,1,8.4,8.4
2021-01-07,7,1,2021,FR,1,10.5,10.5
2020-03-18,18,3,2020,FR,4,173.39999999999998,43.35
2021-01-01,1,1,2021,FR,3,38.699999999999996,12.899999999999999
2021-05-18,18,5,2021,GB,1,11.9,11.9
2021-09-13,13,9,2021,GB,1,12,12
2020-06-08,8,6,2020,GB,1,7,7
2021-02-14,14,2,2021,MX,1,899.94,899.94
2021-04-08,8,4,2021,MX,2,192.4019965952381,96.200998297619051
2020-07-31,31,7,2020,PL,1,1,1
2021-05-30,30,5,2021,PL,1,14.4568,14.4568
2020-05-29,29,5,2020,PT,1,29.8,29.8
2021-01-22,22,1,2021,PT,1,30,30
2021-10-20,20,10,2021,US,1,49,49
2021-11-14,14,11,2021,US,3,47.501,15.833666666666668
2021-04-05,5,4,2021,US,2,52.3,26.15
2021-10-24,24,10,2021,ZA,3,98.553154,32.851051333333331
2021-07-16,16,7,2021,CN,1,7,7
2020-03-12,12,3,2020,PE,1,16,16
2020-06-11,11,6,2020,MG,1,22,22
2021-06-07,7,6,2021,CN,1,33,33
2020-06-11,11,6,2020,GH,1,8,8
2020-06-11,11,6,2020,VM,1,33,33
2020-06-11,11,6,2020,TM,1,0,0
2020-06-11,11,6,2020,TX,1,0,0
2020-06-11,11,6,2020,UG,1,60,60
2020-06-11,11,6,2020,SA,1,27,27
2020-06-11,11,6,2020,TJ,1,21,21
2021-11-02,2,11,2021,SA,1,46,46
2020-06-11,11,6,2020,TI,1,21,21
2020-06-11,11,6,2020,BH,1,51,51
2020-06-11,11,6,2020,BD,1,18,18
2020-06-09,9,6,2020,EE,1,16.064,16.064
2020-07-06,6,7,2020,AU,2,13.200000000000001,6.6
2021-03-22,22,3,2021,AU,1,0.65,0.65
2020-04-17,17,4,2020,CL,2,16,8
2021-09-08,8,9,2021,ES,1,13,13
2021-12-27,27,12,2021,FI,1,6.5554129,6.5554129
2020-06-05,5,6,2020,GB,1,5,5
2021-12-18,18,12,2021,IN,1,59,59
2021-12-28,28,12,2021,IN,5,611.22,122.24400000000001
2021-12-24,24,12,2021,IN,3,166.35999999999999,55.453333333333326
2020-03-30,30,3,2020,IN,1,1978,1978
2021-04-14,14,4,2021,MX,3,232.60246055555552,77.534153518518522
2020-06-19,19,6,2020,MX,1,8.2,8.2
2020-06-02,2,6,2020,SE,1,26.35,26.35
2021-06-16,16,6,2021,TH,1,10,10
2021-11-22,22,11,2021,US,2,2.042,1.021
2020-09-12,12,9,2020,US,2,356,178
2020-04-11,11,4,2020,US,2,-4.2,-2.1
2020-01-21,21,1,2020,US,1,-4,-4
2020-12-03,3,12,2020,US,1,3,3
2021-09-27,27,9,2021,US,1,6.7,6.7
2020-01-25,25,1,2020,US,1,3.7,3.7
2020-01-30,30,1,2020,US,3,29.9,9.966666666666665
2021-09-13,13,9,2021,US,3,162.2,54.06666666666667
2021-10-19,19,10,2021,US,2,23.3,11.65
2020-11-13,13,11,2020,US,1,0,0
2020-09-09,9,9,2020,US,2,52,26
2020-09-10,10,9,2020,US,1,31,31
2020-02-07,7,2,2020,US,1,7.2,7.2
2021-02-04,4,2,2021,US,2,64.6,32.3
2020-06-21,21,6,2020,US,1,17,17
2020-06-03,3,6,2020,US,3,0.051,0.016999999999999998
2020-10-28,28,10,2020,US,1,0,0
2021-11-23,23,11,2021,US,1,3.4,3.4
2020-03-14,14,3,2020,US,1,-4,-4
2020-02-25,25,2,2020,US,1,25.3,25.3
2020-04-02,2,4,2020,US,2,5,2.5
2021-01-25,25,1,2021,US,1,7.3,7.3
2020-08-30,30,8,2020,US,1,0,0
2021-12-03,3,12,2021,US,1,4.3,4.3
2020-02-20,20,2,2020,US,2,15.6,7.8
2020-03-08,8,3,2020,US,2,10.9,5.45
2020-04-07,7,4,2020,US,2,6,3
2020-09-02,2,9,2020,US,1,0,0
2021-08-14,14,8,2021,US,1,9,9
2021-10-27,27,10,2021,US,2,14,7
2020-11-20,20,11,2020,US,2,0.023,0.0115
2020-07-31,31,7,2020,US,1,7,7
2020-05-03,3,5,2020,US,1,7.2,7.2
2020-08-17,17,8,2020,US,1,18,18
2020-07-08,8,7,2020,US,1,60,60
2020-02-13,13,2,2020,US,3,25.6,8.5333333333333332
2021-04-13,13,4,2021,US,1,0.69,0.69
2021-12-20,20,12,2021,PE,1,1146.55,1146.55
2020-11-17,17,11,2020,HU,1,339.874025,339.874025
2021-12-21,21,12,2021,PE,1,19216.5,19216.5
2021-05-29,29,5,2021,PE,1,46,46
2021-08-23,23,8,2021,ES,1,1800,1800
2020-02-24,24,2,2020,FR,1,162,162
2021-10-22,22,10,2021,IN,1,4040,4040
2020-04-22,22,4,2020,IN,1,490,490
2020-06-05,5,6,2020,MK,1,0.00034,0.00034
2021-07-20,20,7,2021,MX,1,1.2,1.2
2021-01-27,27,1,2021,MX,1,19.627,19.627
2021-11-22,22,11,2021,PT,1,57,57
2021-09-07,7,9,2021,TH,1,0.46,0.46
2021-08-14,14,8,2021,TH,1,14,14
2021-09-25,25,9,2021,TH,1,0.52,0.52
2021-10-07,7,10,2021,TH,1,2.22,2.22
2021-07-07,7,7,2021,TH,1,0,0
2020-06-20,20,6,2020,TH,1,8.63,8.63
2020-01-07,7,1,2020,US,2,0.84,0.42
2021-02-01,1,2,2021,US,2,0.155,0.0775
2021-08-31,31,8,2021,US,2,2.9,1.45
2021-05-07,7,5,2021,ZA,1,0,0
2021-10-21,21,10,2021,ZA,1,1.028,1.028
2020-06-05,5,6,2020,BE,1,43.5,43.5
2021-06-28,28,6,2021,PE,1,0.34,0.34
2021-03-08,8,3,2021,BH,1,-0.006,-0.006
2020-12-10,10,12,2020,AT,1,6.053,6.053
2021-03-08,8,3,2021,CA,1,0.024,0.024
2020-05-28,28,5,2020,CA,1,0.04,0.04
2020-11-30,30,11,2020,CA,2,8.6,4.3
2020-06-11,11,6,2020,CL,1,0.033,0.033
2021-07-09,9,7,2021,CL,1,0,0
2020-03-23,23,3,2020,FR,2,59.6,29.8
2021-10-29,29,10,2021,IN,1,21.79,21.79
2020-04-29,29,4,2020,IN,1,7.4,7.4
2020-06-04,4,6,2020,MX,1,0.001,0.001
2020-02-19,19,2,2020,PT,1,61,61
2020-05-06,6,5,2020,RO,1,122.603355,122.603355
2021-11-24,24,11,2021,TH,1,0.005,0.005
2021-01-14,14,1,2021,US,1,0.042,0.042
2021-11-30,30,11,2021,US,1,0.017,0.017
2021-12-07,7,12,2021,US,1,0.023,0.023
2021-03-09,9,3,2021,US,1,0.039,0.039
2021-10-06,6,10,2021,US,1,0.031,0.031
2020-08-26,26,8,2020,US,1,0.066,0.066
2020-12-04,4,12,2020,US,2,7.609,3.8044999999999995
2021-10-21,21,10,2021,US,2,7.014,3.5069999999999997
2020-05-29,29,5,2020,US,1,0.022,0.022
2021-10-12,12,10,2021,US,1,0.014,0.014
2020-02-26,26,2,2020,US,1,0.09,0.09
2021-08-23,23,8,2021,ZA,1,0.010195,0.010195
2020-06-08,8,6,2020,HU,1,9.2473,9.2473
2020-05-31,31,5,2020,IS,1,2.75969,2.75969
2021-05-26,26,5,2021,DK,1,3.42,3.42
2021-02-05,5,2,2021,GR,1,2,2
2021-03-05,5,3,2021,IE,1,23.80443505,23.80443505
2021-01-08,8,1,2021,FR,1,23.7,23.7
2021-03-25,25,3,2021,FR,1,16.7,16.7
2021-08-09,9,8,2021,GB,1,53.4,53.4
2020-06-04,4,6,2020,GB,1,41,41
2021-04-01,1,4,2021,MX,1,0.058427,0.058427
2020-12-15,15,12,2020,MX,1,0.0022433,0.0022433
2021-02-16,16,2,2021,MX,1,0.0220487733333333,0.0220487733333333
2021-03-16,16,3,2021,MX,1,0.013199,0.013199
2020-05-27,27,5,2020,NO,1,28.098488,28.098488
2020-04-27,27,4,2020,PT,1,24.8,24.8
2020-03-03,3,3,2020,PT,1,13.9,13.9
2020-05-30,30,5,2020,RO,1,5.5723176,5.5723176
2020-07-30,30,7,2020,TH,1,0.01,0.01
2021-06-21,21,6,2021,ZA,1,0.000356,0.000356
2021-10-28,28,10,2021,ZA,1,4e-06,4e-06
2020-03-07,7,3,2020,PE,1,5.24,5.24
2020-01-24,24,1,2020,BE,2,0,0
2020-01-17,17,1,2020,BE,2,2,1
2020-06-10,10,6,2020,EE,1,0.974944,0.974944
2020-05-20,20,5,2020,HU,1,6.2484403,6.2484403
2020-06-10,10,6,2020,AD,1,2,2
2021-02-25,25,2,2021,ES,1,1331,1331
2020-05-22,22,5,2020,GB,1,7,7
2020-05-03,3,5,2020,MK,1,1179.2817,1179.2817
2021-11-01,1,11,2021,MX,1,0.003,0.003
2020-01-28,28,1,2020,TH,1,0.004,0.004
2021-11-03,3,11,2021,TH,1,0.001,0.001
2021-09-25,25,9,2021,US,1,0.001,0.001
2021-12-30,30,12,2021,US,1,0.002,0.002
2021-03-04,4,3,2021,US,1,0.001,0.001
2021-10-08,8,10,2021,ZA,1,0.007369,0.007369
2020-06-02,2,6,2020,BE,1,17.5,17.5
2021-05-03,3,5,2021,HU,1,8.3829173,8.3829173
2021-05-01,1,5,2021,BR,1,0,0
2021-07-18,18,7,2021,CA,1,55,55
2020-03-31,31,3,2020,CA,1,1,1
2020-10-01,1,10,2020,CZ,1,5,5
2021-07-05,5,7,2021,DE,2,51.68,25.84
2020-04-30,30,4,2020,DE,1,23.33,23.33
2020-02-06,6,2,2020,ES,1,1,1
2021-01-04,4,1,2021,FI,1,6.373209,6.373209
2020-06-01,1,6,2020,FR,1,10.7,10.7
2020-05-18,18,5,2020,FR,2,24.2,12.1
2021-06-17,17,6,2021,GB,1,26.4,26.4
2020-09-21,21,9,2020,IT,1,14.24468,14.24468
2021-09-19,19,9,2021,MX,1,22.71,22.71
2020-06-02,2,6,2020,MX,1,21,21
2020-03-24,24,3,2020,MX,1,27,27
2020-05-06,6,5,2020,MX,1,16,16
2021-06-01,1,6,2021,PL,1,8.64,8.64
2021-01-12,12,1,2021,PL,1,23.9034,23.9034
2020-11-26,26,11,2020,PT,1,0,0
2020-05-23,23,5,2020,PT,1,5.7,5.7
2020-05-27,27,5,2020,PT,1,32.2,32.2
2020-05-24,24,5,2020,SE,2,15.8,7.9
2020-08-31,31,8,2020,US,2,26.3,13.15
2021-01-08,8,1,2021,US,1,7,7
2021-11-03,3,11,2021,ZA,2,0,0
2021-12-14,14,12,2021,ZA,1,13.424,13.424
2021-12-20,20,12,2021,ZA,1,15.47,15.47
2020-06-10,10,6,2020,IQ,1,73,73
2020-05-16,16,5,2020,CH,1,23,23
2020-04-26,26,4,2020,HU,1,18.28246,18.28246
2020-11-02,2,11,2020,JO,1,21,21
2020-06-11,11,6,2020,CR,1,10,10
2020-06-10,10,6,2020,LK,1,14,14
2020-06-11,11,6,2020,JO,1,10,10
2020-06-11,11,6,2020,LA,1,20,20
2020-05-18,18,5,2020,CO,1,-9999,-9999
2021-08-04,4,8,2021,CN,1,24,24
2020-06-11,11,6,2020,IZ,1,33,33
2020-06-11,11,6,2020,KZ,1,8,8
2020-06-10,10,6,2020,GT,1,24,24
2021-08-16,16,8,2021,AF,1,-999,-999
2021-05-10,10,5,2021,AU,1,2.23,2.23
2021-03-19,19,3,2021,AU,1,32.36,32.36
2021-05-25,25,5,2021,AU,1,0,0
2020-04-21,21,4,2020,CA,1,6,6
2021-09-13,13,9,2021,CA,1,4,4
2021-02-25,25,2,2021,CA,1,0.2,0.2
2021-01-18,18,1,2021,FR,1,5.5,5.5
2021-07-24,24,7,2021,IN,1,985,985
2020-11-06,6,11,2020,MX,1,15.864407,15.864407
2021-03-30,30,3,2021,MX,1,27,27
2020-04-18,18,4,2020,PT,1,103.4,103.4
2021-10-24,24,10,2021,PT,1,4,4
2021-06-15,15,6,2021,TH,1,5,5
2020-01-16,16,1,2020,US,1,7.7,7.7
2020-02-28,28,2,2020,US,4,10.6,2.65
2020-04-10,10,4,2020,US,2,11.7,5.85
2020-08-22,22,8,2020,US,1,21,21
2020-11-23,23,11,2020,US,1,10,10
2021-09-19,19,9,2021,US,1,0,0
2021-06-03,3,6,2021,US,1,-4.2,-4.2
2020-03-07,7,3,2020,US,1,-4,-4
2020-09-15,15,9,2020,US,1,61,61
2020-05-14,14,5,2020,US,1,0,0
2020-01-18,18,1,2020,US,1,-4,-4
2021-01-09,9,1,2021,US,1,47.6,47.6
2021-10-28,28,10,2021,US,1,1,1
2020-04-29,29,4,2020,US,1,3,3
2021-04-23,23,4,2021,US,1,10,10
2021-03-06,6,3,2021,US,1,-2,-2
2020-02-02,2,2,2020,US,1,0,0
2021-06-22,22,6,2021,US,1,9,9
2020-07-24,24,7,2020,US,1,24,24
2021-10-29,29,10,2021,US,1,8.3,8.3
2021-03-25,25,3,2021,US,1,9,9
2020-08-13,13,8,2020,US,1,11,11
2021-08-26,26,8,2021,US,1,3.1,3.1
2021-06-10,10,6,2021,US,1,0.3,0.3
2020-02-22,22,2,2020,US,1,16.6,16.6
